"movies_name","movies_url"
"","https://www.justwatch.com/us/movie/operation-mincemeat"
"","https://www.justwatch.com/us/movie/the-gentlemen"
"","https://www.justwatch.com/us/movie/roudram-ranam-rudhiram"
"","https://www.justwatch.com/us/movie/senior-year-2022"
"","https://www.justwatch.com/us/movie/the-quick-and-the-dead"
"","https://www.justwatch.com/us/movie/mission-impossible"
"","https://www.justwatch.com/us/movie/the-amazing-spider-man"
"","https://www.justwatch.com/us/movie/paddington"
"","https://www.justwatch.com/us/movie/war-of-the-worlds"
"","https://www.justwatch.com/us/movie/our-father-2022"
"","https://www.justwatch.com/us/movie/titanic-1997"
"","https://www.justwatch.com/us/movie/anchorman-the-legend-of-ron-burgundy"
"","https://www.justwatch.com/us/movie/saving-private-ryan"
"","https://www.justwatch.com/us/movie/jackass-4-5"
"","https://www.justwatch.com/us/movie/forrest-gump"
"","https://www.justwatch.com/us/movie/the-adam-project"
"","https://www.justwatch.com/us/movie/once-upon-a-time-in-america"
"","https://www.justwatch.com/us/movie/blade-runner-2049"
"","https://www.justwatch.com/us/movie/happy-gilmore"
"","https://www.justwatch.com/us/movie/ricky-gervais-supernature"
"","https://www.justwatch.com/us/movie/mission-impossible-iv"
"","https://www.justwatch.com/us/movie/forgetting-sarah-marshall"
"","https://www.justwatch.com/us/movie/identity"
"","https://www.justwatch.com/us/movie/the-power-of-the-dog"
"","https://www.justwatch.com/us/movie/when-harry-met-sally"
"","https://www.justwatch.com/us/movie/the-departed"
"","https://www.justwatch.com/us/movie/forgotten"
"","https://www.justwatch.com/us/movie/inception"
"","https://www.justwatch.com/us/movie/it-follows"
"","https://www.justwatch.com/us/movie/den-of-thieves"
"","https://www.justwatch.com/us/movie/dunkirk-2017"
"","https://www.justwatch.com/us/movie/m-i-2"
"","https://www.justwatch.com/us/movie/the-imitation-game"
"","https://www.justwatch.com/us/movie/leon-the-professional"
"","https://www.justwatch.com/us/movie/django-unchained"
"","https://www.justwatch.com/us/movie/the-other-guys"
"","https://www.justwatch.com/us/movie/her"
"","https://www.justwatch.com/us/movie/stand-by-me"
"","https://www.justwatch.com/us/movie/casino-royale-uncut-edition"
"","https://www.justwatch.com/us/movie/wind-river-2017"